id,channel,audience,primary_action,tracking_url
linkedin_company_post,LinkedIn company post,Distributors and importers,Download sourcing guide,https://www.arcfortweld.com/distributor-supply?utm_source=linkedin&utm_medium=organic_social&utm_campaign=distributor_sourcing_2026&utm_content=company_post
linkedin_mig_post,LinkedIn MIG/MAG category post,Welding equipment distributors,Browse MIG/MAG torch parts,https://www.arcfortweld.com/products/mig-mag-torch-parts?utm_source=linkedin&utm_medium=organic_social&utm_campaign=distributor_sourcing_2026&utm_content=mig_category_post
linkedin_plasma_post,LinkedIn plasma category post,Plasma consumable distributors,Browse plasma consumables,https://www.arcfortweld.com/products/plasma-cutting-consumables?utm_source=linkedin&utm_medium=organic_social&utm_campaign=distributor_sourcing_2026&utm_content=plasma_category_post
linkedin_robotic_torch_guide,LinkedIn robotic torch buyer guide,Welding automation integrators and MIG/MAG torch distributors,Review replacement evidence guide,https://www.arcfortweld.com/guides/robotic-mig-welding-torch-replacement-guide?utm_source=linkedin&utm_medium=organic_social&utm_campaign=robotic_torch_sourcing_2026&utm_content=replacement_guide
distributor_email_intro,Relevant distributor email outreach,Distributors importers and wholesalers,Review distributor supply,https://www.arcfortweld.com/distributor-supply?utm_source=outreach_email&utm_medium=email&utm_campaign=distributor_sourcing_2026&utm_content=introduction
distributor_email_followup,Relevant distributor email follow-up,Distributors importers and wholesalers,Download buyer files,https://www.arcfortweld.com/downloads?utm_source=outreach_email&utm_medium=email&utm_campaign=distributor_sourcing_2026&utm_content=follow_up
whatsapp_business_intro,Permission-based WhatsApp introduction,Existing business contacts,Review distributor supply,https://www.arcfortweld.com/distributor-supply?utm_source=whatsapp&utm_medium=messaging&utm_campaign=distributor_sourcing_2026&utm_content=introduction
industry_directory_profile,Industrial directory company profile,Directory visitors,Review distributor supply,https://www.arcfortweld.com/distributor-supply?utm_source=industry_directory&utm_medium=referral&utm_campaign=distributor_sourcing_2026&utm_content=company_profile
pdf_guide_qr,Distributor sourcing guide QR,Guide readers,Start distributor RFQ,https://www.arcfortweld.com/rfq?product=Distributor+welding+product+program&utm_source=pdf&utm_medium=offline&utm_campaign=distributor_sourcing_2026&utm_content=qr_code
